chemistry mission,academy.crow.chemistrymission,educational,0.00
interact 3,air.com.compasspub.interact3,education,2.60
ace auto club europa,air.de.autoclubeuropa.ace,maps & navigation,4.50
escape games jolly-42,air.escapegamesjolly42,puzzle,4.00
quirky squirrel rescue,air.g2jquirkysquirrelrescue,adventure,4.70
celebrity booking app,anew.com.myapplication,entertainment,0.00
tuhfa-e-ramzan,apd.islamic.tohfaramzan,books & reference,0.00
serbia audio guide,apetra.tourguide,travel & local,3.70
kunbi,app.co.kunbi,business,0.00
gandr — a photo collage maker without limits,app.gandr,photography,4.40
xbx and 5bx,app.li.xbxand5bx,health & fitness,0.00
moto control,app.motos.jahir.motocontrol,tools,0.00
placehot,app.placehot,events,0.00
addition column form,appinventor.ai_bryanwangwj.additioncolumnform,education,0.00
viop,appinventor.ai_burcu199146.gcmviop,finance,3.10
k8 code prime,appinventor.ai_mc207742.k8_code_prime,tools,0.00
remote bel sekolah,appinventor.ai_noorino1977.autobell_final,tools,0.00
shopping list,appinventor.ai_ron_volders.shoppinglist,shopping,0.00
temporoespacial,appinventor.ai_shugo10688.orientacion_espacial_1111,trivia,0.00
tekman batur,appinventor.ai_ttaslicay.tekmanbatur,travel & local,5.00
pong,appinventor.ai_venky2063.project17,action,0.00
salzburg24,at.salzburg.android,news & magazines,2.90
rosebud rsl,au.com.rosebud.app,entertainment,0.00
petprotect,au.sinopacific.petprotect,maps & navigation,2.80
hairstyles for your face,best.photo.app.womanhairstyles2018,photography,3.20
vancouver bus tracker,beyond.translinkbustracker,maps & navigation,2.30
bible word search,bible.wordgame.verse.wordstacks.puzzle,word,4.90
fc80001,biz.mpowered.fc80001,business,0.00
class 6 history notes,bookshelf.a6histnotes,books & reference,3.80
dr. osvaldo magro filho,br.com.app.gpu1302917.gpue7610e98cf4b4d2766cfa65bf687c47b,health & fitness,0.00
zada pessoal - finanças pessoais,br.com.cantustange.zadapessoal,finance,4.50
multiplo em – vol. 5 a 8,br.com.conexiaeducacao.livrodigital.segundoano.store,education,0.00
explorernet,br.com.mksolutions.mksac.explorernet,productivity,0.00
radio nação nordestina,br.com.nacaonordestina,entertainment,0.00
umarifm.com,br.com.radiosapp5.umarifmcom,music & audio,4.60
vigiez,br.com.segware.mysecurity.vigiez,tools,0.00
teletaxi/teresina - taxista,br.com.teletaxiteresina.taxi.taximachine,maps & navigation,4.70
tine - ti e negócio,br.com.tine,productivity,4.20
siac condomínios lages,br.com.torinoinfo.cpmobilelages,tools,0.00
bukuu - akibat menipu,bukuu.com.my.siri.haiwan.akibat.menipu,education,0.00
business card maker & creator,business.card.maker.scopic,business,4.60
first response : ssps,ca.myfirstresponse.ssps,tools,0.00
match tracker for cod warzone,ca.robbieelias.matchtrackerwarzone,tools,2.60
mensa bonn,cafeteria.multiple.bonn,lifestyle,3.50
santo rosario católico,catolico.santo.rosario.maria,lifestyle,4.80
calculadora científica gratuita,charli.calculaitor,tools,0.00
ch link,chlink.app.chlink,entertainment,0.00
christian dating,christian.com.dating,dating,3.60
anthem of aruba,climatech.com.aruba2,personalization,0.00
edumore,co.alexis.nmkkr,education,0.00
try cec,co.appbros.cec,business,0.00
led word,co.cristiangarcia.ledword,entertainment,3.80
race academy,co.davos.snqkw,education,0.00
chakra,co.fitsys.chakra,health & fitness,0.00
food rescue,co.in.anktech.nowastefood,social,0.00
evolution career institute,co.jarvis.eci,education,5.00
kelle,com.alex.kele,arcade,0.00
ascula,com.alexmayo.ascula,communication,0.00
mcci mobile,com.alliance.mcciapp,business,0.00
uniquely nelson,com.alpas.uniquelynelson,business,0.00
girl beauty: fashion & idol,com.alphaway.fashionidol,adventure,3.60
altfuels iberia,com.altfuels.altfuels,news & magazines,0.00
ambuja bidding,com.ampl.ambujaexports,business,0.00
hindi to albanian - sq to hi – speak translator,com.androidtranslator.hinditoalbaniantransletor,education,0.00
peribahasa bahasa indonesia,com.andromo.dev298605.app412818,books & reference,3.80
lionel richie songs & lyrics,com.andromo.dev413647.app951482,music & audio,4.60
roses,com.andromo.dev466877.app807512,entertainment,0.00
spring in paris wallpapers,com.andromo.dev518376.app500143,lifestyle,4.80
como mejorar tu cerebro,com.andromo.dev560918.app646484,health & fitness,4.10
head lice guide,com.andromo.dev667101.app672597,health & fitness,2.10
dermatology made easy,com.andromo.dev710410.app753324,medical,4.40
germany wallpapers,com.andromo.dev862039.app1067226,entertainment,0.00
duo+ hangout,com.androtech.duohangout,role playing,0.00
sofitel legend santa clara cartagena,com.anomi.hotel,travel & local,0.00
wordsparks - startup quotes,com.antarjaal.startupquotes,lifestyle,4.50
rog aurus icon pack,com.anvix.rog.color,personalization,4.10
take food at door,com.anwmark.takefoodatdoor,food & drink,4.90
balloon popper,com.aplications.adimov.balonkids,action,4.80
clube atlético ypiranga,com.app_clubeay.layout,sports,0.00
denver classroom teachers association,com.app_denverclassroomteachersassociation315.layout,education,0.00
time investment,com.iw.timeinvestment,finance,4.70
papillon salat & sandwiches,com.iwaiterapp.papillonsalatsandwiches,shopping,0.00
bustrackdc,com.jasonrosenbaum.bustrackdc,maps & navigation,4.20
go sms pro crystal theme,com.jb.gosms.theme.getjar.fdcrystal,personalization,4.00
jenifa spells 2,com.jenifaspells2.game,puzzle,0.00
bhc articles of faith and by-laws  2.0.1,com.jjantoine.firstbook,books & reference,0.00
kalender pendidikan 2020/2021,com.johnlialfath.kalenderpendidikan2020_2021,education,3.90
john roberts nissan dealerapp,com.johnrobertsnissan.dealerapp,business,0.00
autumn wolf live wallpaper,com.jotunheijm505.autumnwolflivewallpaper,personalization,0.00
justlocalz - order groceries from local stores,com.justlocalz.app.android,shopping,0.00
sober - g-eazy ft. puth piano cover song,com.justs.sobgeazyftcharli,entertainment,0.00
99 jams wjmi radio app mississippi us,com.jymstudio.jams99.wjmi.radio.app,music & audio,0.00
wamo 100.1 pittsburgh radio pennsylvania us,com.jymstudio.wamo1001.pittsburgh.radio,music & audio,0.00
zavia (part-2) by ashfaq ahmed - offline,com.kambohstudio.zaviapart_2.urdubooks.free,books & reference,4.40
police photo suit,com.katamapps.policephotosuit,photography,4.10
dr.cardio ecg,com.kavitul.drcardioecg,medical,0.00
qr reader & generator,com.kaya.qr_reader_and_generator,tools,4.10
travel tips,com.keith_magee.traveltips,finance,4.80
dinosaur wallpaper,com.kgtasarim.dinosaurwallpaper,personalization,0.00
good afternoon gif,com.kikidi.goodafternoongifs,entertainment,4.40
data sturcture mcqs,com.kingzapps.datastructuremcqs,books & reference,4.00
nigerian news forum,com.kloi.forex,news & magazines,3.90
koln zeitungen,com.koeln.zeitungen,news & magazines,0.00
power of 2: number sliding game,com.kosmiqle.wizardevp.powerof2,puzzle,0.00
paysou,com.ksm.souqpay,business,0.00
radio of life,com.ktfj.player,music & audio,0.00
yamatrack mobile,com.l1inc.yamahacartgps,sports,3.10
catte - cat te,com.lapira.catte.android,card,3.50
bize - business email writing tool,com.lemur.bwp,communication,4.50
matborsen,com.lexitgroup.matborsen,business,0.00
car games revival: car racing games for kids,com.lf.real.extreme.suv.offroad.drive.games.free,racing,3.90
96.9 fm mexico radio station hit music online 96.9,com.lgsmartsolutions.fm969fmmexicoradiostationhitmusiconline969,music & audio,0.00
bahu,com.lightidea.bahu,news & magazines,0.00
limo : the bus directory,com.limontaxi.finder,maps & navigation,3.80
lipstick color ideas,com.lipstickcolorideas.bbsdroid,lifestyle,2.40
muzik habercisi,com.listen2myapp.akusticfm,music & audio,3.70
smartgyro,com.littlecloud.android.smartgyro,sports,2.00
reindeer live keyboard theme,com.live.keyboard.reindeer,personalization,0.00
royal cricket,com.liveline.royalcricket,sports,0.00
locknet field app,com.locknet.techinterface,productivity,3.20
aewen radio - kdrama online radio,com.logapps.aewenradio,music & audio,0.00
logit,com.logitdnvgl.logit,business,0.00
jump jump,com.lwj.jumpjump,puzzle,0.00
radio poc à poc guyane,com.lws.pocapocguyane,entertainment,0.00
2021 happy pentecost festival greeting video maker,com.m2021happypentecost.m743.t1vmstudio,entertainment,0.00
internet blocker: net blocker for apps,com.m24apps.internetblocker,tools,4.00
intermediate sight words free,com.maelstrom.intsightwordsfreeggl,education,4.00
magic snap: momotaro,com.magic.arena.kindom.story.momotaro.memory,trivia,4.10
altagama revista,com.magzter.altagamamotor,news & magazines,4.30
decon2018,com.mahathi.decon,health & fitness,0.00
block fill: puzzle game,com.mailbeegames.casual.brain.line.block.puzzlegame,puzzle,4.40
happy valentine's day,com.manu.valentineday,entertainment,0.00
map your empire - live chat,com.mapyourempire.www.myelivechat,social,2.90
mod godzilla minecraft,com.master.mod.skin.godzilla,entertainment,4.10
rockwell parent portal,com.mcb.parentrockwell,education,4.10
cherry on cake,com.mektricals.newapp,shopping,0.00
dj car sound and sound effects 2019,com.melonappsvpn.dj_carsounds,entertainment,0.00
non stop play uk music listen online radio stream,com.merakiapp.nonstopplayukmusiclistenonlineradiostream,music & audio,0.00
mercado dolar blue,com.mercadoslatinoamericanos.mercadodolarblue,finance,3.70
cliqer merchant,com.merchant.cliqer,food & drink,5.00
metallicons - icon pack,com.metallicons.iconpack,personalization,4.90
blubetty,com.meuvesti.blubetty,shopping,0.00
jamalek,com.miaad.turnpoint,tools,0.00
brain teaser game,com.microdev.brain_teaser_game,trivia,0.00
video poker,com.midwest.videopoker.g,card,3.90
build the house,com.mindway.buildthehouse,action,0.00
crossfit barra action,com.minhaficha.crossfitbarraaction,health & fitness,0.00
berlin travel guide in english with map,com.minube.guides.berlin,travel & local,3.70
yatzy! collection - classic dice game,com.miromaapplications.yatzy,strategy,4.60
thick hair ideas,com.mirrorimage.thickhair,beauty,0.00
sticky ball,com.mitochondriastudios.stickyball,arcade,4.60
mobile photo scanner (mpscan),com.mixaimaging.mycamera3,photography,4.60
mobile number tracker,com.mobigames.mobilenumbertracker.callerlocation,communication,3.90
mychesrown owner rewards,com.mobileappsprn.chesrown,business,0.00
clay cooley,com.mobileappsprn.claycooley,business,0.00
sunridge management,com.mobiledoorman.sunridgemanagement,lifestyle,0.00
the new way of the cross,com.moblei.newwayofthecross,books & reference,0.00
cbz touch,com.mode.cbz.ui,finance,4.30
jurassic craft mod 2020,com.mods.maps.jurassic.cabanero,entertainment,4.10
world soccer challenge,com.monkeyibrow.worldcupsc,sports,4.10
pathshalaeschool,com.moth.connect,education,0.00
movenow user,com.movenowcustomer,travel & local,0.00
the everyday calendar,com.mozaix.simoneboard,lifestyle,2.00
pool car app,com.mpowercab.mpowercab,education,5.00
dodge the cars!,com.mrscratchenterprises.cardogegame,racing,4.90
qwikerpay merchant,com.msewa.qwikerpaymerchant,finance,0.00
extreme flight sim,com.mtsgames.extremeflightsim,simulation,3.10
muller  aktuelle prospekt,com.mulleraktuelles.prospekte,shopping,4.60
saksham attendance,com.myattendance.gov,education,4.40
imran khan vs nawaz sharif,com.mypolitician.appdata.juni1289,action,4.00
akka events,com.myqaa.group.akka,business,0.00
bhutan national anthem - druk tsendhen,com.nationalanthem.bhutansongs,entertainment,0.00
royal horse,com.neovia.royalhorse,tools,3.60
netigma,com.netcad.netigma,productivity,4.50
axis training & gesundheit,com.netpulse.mobile.axistraining,health & fitness,0.00
neuron,com.neuronapp.android,health & fitness,4.00
awesome 3d wallpapers & vintage wallpapers,com.newandromo.dev1153754.app1277178,personalization,0.00
oxidation state of 118 elements,com.newandromo.dev767947.app888367,education,0.00
hallways,com.newbgames.hallways,arcade,0.00
demon slayer anime quiz. kimetsu no yaiba nanatsu,com.newl00k.demonslayerquizanime.kimetsunoyaibachallange,trivia,0.00
glitter color: adult coloring book by number pages,com.nexttechgamesstudio.adult.glitter.color.by.number.paint.coloring.book.pages,entertainment,4.30
niagara falls wallpapers,com.niagara.wallpapers.backgrounds_0001,personalization,5.00
nicereview,com.nicereview.app,lifestyle,0.00
readster,com.nick.readster,books & reference,0.00
free nickname generator - name creator & maker,com.nickname.cool.generator.vn,entertainment,4.00
przepisy niepieprz.pl,com.niepieprz.przepisy,food & drink,4.10
the musical box radio,com.nobexinc.wls_2897285142.rc,music & audio,4.90
wifi connection checker,com.nomconv.owner.chkwifi,productivity,0.00
norwalk marketplace,com.norwalkautoauction.norwalk,auto & vehicles,0.00
las recetas de pincho son fáciles y deliciosas.,com.nuevareceta.pincho,communication,0.00
asif habibi chanson saad lamjarred,com.oatjohndrip.asifhabibisaadlamjarred,music & audio,0.00
hudco df,com.officernd.hudco,productivity,0.00
celebriffy,com.official.celebriffy,social,4.60
euro truck simulator 2020 - cargo truck driver,com.offroad.cargo.truck.simulator.euro,simulation,3.90
crazy taxi simulator 2020 - offroad taxi driving,com.offroad.taxi.simulator.driving,lifestyle,4.00
3 jewels deluxe,com.ogien.threejewels2,puzzle,4.00
how dropshipping works,com.oliver.hwdrpsks,books & reference,0.00
1-click hotspot,com.one.click.wifi.tethering.free,tools,2.70
career's hub,com.online.careershub,education,4.80
smilee,com.onlineshop.sanjay,education,0.00
myco4vet,com.openar.myco4vet,education,0.00
e-sptpd kab subang,com.opensipkd.esptpdsubang,finance,0.00
oraan,com.oraan.android,finance,4.20
crazy kick!,com.orbitalknight.ridiculousfreekick,arcade,4.30
beef recipes in urdu,com.pakapps.beefrecipes,books & reference,5.00
cooltopup recharge,com.palmer.cooltopuprecharge.reseller,productivity,0.00
paraflex attendance,com.paraflex.com,business,5.00
parlamento nacional de timor-leste,com.parlamento.itania,events,0.00
don't tap the christmas tree!,com.parudi.tap.the.globe,arcade,4.10
subtitle,com.passsong.subtitlefree,education,3.60
columbia radio south carolina radio stations,com.pd.columbiaradio.southcarolinaradiostations,music & audio,0.00
metoo - join the movement and stories,com.peeyusshyadav.metoo,news & magazines,4.40
revoapp,com.pensemos.revo,tools,4.40
giant dictionary,com.perfectapp.dictionary,education,4.40
rpm practice test,com.perfectconsulting.perfecttestrpmfree,entertainment,0.00
gorky street,com.perfectgym.perfectgymgo2.triberussia,health & fitness,4.60
deliverypro - receiver,com.philgps.deliverypro_receiver,tools,0.00
barnets hair,com.phorest.barnetshair,lifestyle,0.00
photo editor & collage maker pro 2021,com.photo.collage.editor.collagemaker,beauty,4.60
pink cute couple cartoon theme,com.pink.cute.couple.cartoon.theme,personalization,0.00
mr. potato head: school rush,com.playdatedigital.potatohead,education,3.50
total soccer: road to glory,com.playrmakr.totalsoccer,sports,3.10
daily key needs adhoc,com.poc.dkna,business,0.00
pronto skipper,com.portofrotterdam.skipper,business,0.00
press bible,com.pressbible.view,education,4.70
pro betting,com.pro.betting,sports,0.00
a spanish word a day,com.processingbox.onewordperdayes,education,3.50
cantos de corrupião,com.programmer.corrupiao,music & audio,4.70
lagu religi dan sholawat : mp3 dan video,com.proj.dinocom.religidansholawat,entertainment,0.00
sensorlab,com.project.hector.sensorlab,education,5.00
promes,com.promes.eye,video players & edit,0.00
hindi - lithuanian dictionary,com.pronunciatorllc.bluebirddictionary.hindi.lithuanian,education,0.00
well planned scheduler,com.psychologic.wps,productivity,0.00
maui raceway park 2018,com.pulihisoftware.mauiraceway2018v2,sports,0.00
smart internet data monitor,com.pumamobile.smart.internet.data.monitor,tools,4.30
le quartier,com.purple.lequartier.ar,entertainment,0.00
bhagavad gita in english,com.pwmtech.bggita_english,books & reference,4.60
spider solitaire,com.queensgame.spider,card,4.60
quickcoop,com.quickinfo.quickcoop,business,0.00
de meeting,com.quickmobile.decontainer,business,0.00
learn electrical engineering,com.quizmine.electricalengineering,books & reference,4.10
quincy jones quotes,com.quotesgarden.quincyjonesquotesapp,books & reference,0.00
haidr,com.qupworld.haidr,travel & local,0.00
racepak d3 racing,com.racepak.vantage,auto & vehicles,3.70
radio estado de mexico - fm stations free,com.radioestadodemexicoestacionesgratis.radioestadodemexico,music & audio,4.70
radio fm zu romania,com.radiosamfm.radiofmromania,music & audio,0.00
rainbow wallpaper,com.rainbowwallpaper.rainbowlive,personalization,4.50
raj corporation,com.raj.app.rajcorporation,finance,0.00
rakib microfinance bank,com.rakib.rakibmobile,finance,0.00
calculus tutorial 1: introduction,com.raysemisoft.calculust1,education,0.00
schneiders simple raytracer,com.raytrace,education,4.20
dainik savera times,com.readwhere.whitelabel.dainiksavera,news & magazines,4.30
santa biblia reina valera,com.ready.bibliavalera,books & reference,4.00
real hollywood starz,com.realhollywoodstarz.app,entertainment,0.00
chaat recipes,com.recipesjunction.chaatrecipe.chaatrecipesinenglish,food & drink,0.00
red black business theme,com.red.black.cool.business.theme,personalization,4.70
red bay alabama radio stations,com.redbayalabamaradiostations.alabamaradio,music & audio,0.00
visage haunted house,com.redmatrix.visage.haunted.house,adventure,3.50
rolling stones themes,com.redswan.rollingstonesthemes,personalization,4.10
coffin move,com.rehastudio.coffinmove,casual,4.90
rekleo tv app,com.rekleo.tvapp,business,0.00
mycontrol®,com.reliablecontrols.mycontrol,lifestyle,4.70
cost events,com.resultsdirect.eventsential.branded.cost,books & reference,0.00
double path,com.reverbs.doublepath,casual,4.90
defective pixel and touch panel checker,com.riceon.checker,tools,0.00
h. muammar za bimbingan tilawatil quran offline,com.rika.noviana.h.muammar.za.bimbingan.tilawatil.quran.offline.tilawatilmuammarmusic & audio,music & audio,4.30
medieval chess,com.ring.brave,strategy,0.00
zombie attack 2,com.riteshstudio.zombieattack2,arcade,3.50
soap,com.rocketoo.sobun,beauty,0.00
romani islamsko Škola,com.romanothan.ris,social,4.90
peacock colorful rangoli designs,com.rr.peacockcolorfulrangolidesigns,lifestyle,3.90
el tiempo en rtve.es,com.rtve.eltiempo,weather,3.10
buradaoto,com.rzmobile.buradaoto,shopping,4.90
psychrometry calculator,com.s3software.psychrometry,tools,4.30
ok efog,com.saic.okefog,books & reference,0.00
feliz cumpleaños mi amor dedicatorias e imágenes,com.salomon.apps1.felizcumpleanosamor,entertainment,4.50
radio san antonio,com.san.antoni,communication,0.00
captivate search button fixer,com.sanchitkarve.captivatesearchfix,tools,3.10
best meme soundboard,com.santroid.bestvsounds,entertainment,4.30
goodfellas,com.sapanbhuta.goodfellas,lifestyle,4.00
satria nusantara,com.satria.nusantara,adventure,4.80
password code generator,com.sb.passgen,tools,0.00
kidz preschool,com.schoolbridge.kidzpreschool,education,0.00
poeme romantique en français,com.sdkapps.poemeromantique,communication,4.30
photo and video locker,com.secretphotosandvideoslocker,tools,4.00
saving the amazon,com.servin.savingamazon,social,0.00
full-techno.com,com.servistream.fulltechnouno,music & audio,4.70
swellby session notes,com.sessionnotes,business,0.00
total stages infimiers,com.setesedition.totalstages,medical,3.90
compass,com.sevencrayons.compass,tools,3.90
congres gem 2017,com.sfcm.app,medical,0.00
shalban vihara,com.shalbanvihara.frzshalbanvihara,travel & local,0.00
sherri hill,com.sherrihill.android_app_consumer,lifestyle,2.10
sadhguru hindi,com.shivamrathore7566.sadhguru,education,0.00
shop 13,com.shop1313,shopping,4.30
shopdely go - mensajeros,com.shopdely.go,business,0.00
dreaming fm,com.shoutcast.stm.dreamingfm,music & audio,0.00
radio monte gerizim,com.shoutcast.stm.montegerizim,entertainment,5.00
diet plan recipes,com.simpleappf1dietplanrecipes,food & drink,0.00
simple rng,com.simpleapps.randomnumbergenerator,tools,0.00
gps installer,com.sinopacific.installergps,tools,4.50
success international school riyadh (lms),com.sisriyadh.sis_lms,education,4.20
sj delivery,com.sjdelivery.customerapp,food & drink,0.00
sacred heart of jesus school,com.skooltech.sacredheartofjesusschool,productivity,0.00
100-kamrater,com.smaappar.sve.kompis100,education,0.00
sg-lockdown,com.smartgladiator.lockdown,productivity,0.00
saveme.ng,com.smartsave.saveme_ng,finance,4.20
smart file manager,com.smartwho.smartfilemanager,productivity,4.40
learn aircraft systems,com.smcreations.aircraftsystems,education,4.80
exambro smk muhammadiyah haurgeulis,com.smkmuhammadiyah.hgl,education,5.00
rice recipes,com.snscorp.rice_recipes,food & drink,0.00
wkyh 600 am/99.3 fm,com.socast.forcht.wkyh,music & audio,0.00
job a2z,com.softsketch.jobatoz,education,0.00
solar panels and solar energy,com.solarpanels.solarenergy,education,4.00
philosophy of science,com.somostudio.philosophyofscience,education,0.00
female red junglefowl sounds hd,com.soundboard.redjunglefowlfemale,music & audio,3.90
christian wallpapers,com.souryator.christian,personalization,4.20
space wallpapers 4k 2021,com.space.background2021,photography,0.00
thru' the wall,com.spartancode.wall,strategy,0.00
speed test by vi,com.sptech.speedtest,tools,0.00
in.form tools,com.srh.education,education,0.00
photo collage,com.ss.instacollage,photography,3.60
wealthbox,com.starburstlabs.wealthbox_android.prod,business,4.60
fazzaco,com.stl.fazzaco,business,5.00
sell buy hold,com.stock.stockmaster,finance,0.00
radboud student,com.stucomm.mijnradboudapp,education,3.50
collapsy stairs,com.subcortical.collapsystairs,arcade,0.00
redeeming grace,com.subsplash.thechurchapp.s_3vzfbg,education,5.00
levy baptist church,com.subsplash.thechurchapp.s_6zb2bz,education,0.00
new vision online,com.subsplashconsulting.s_khwgwb,lifestyle,0.00
calvary independent church,com.subsplashconsulting.s_m9d6d2,lifestyle,0.00
northside young adults,com.subsplashconsulting.s_wf3vn4,education,0.00
sudatum,com.sudatum.app,business,0.00
piano orchestra sounds ringtone,com.sugardaddy.pianosoundringtone,music & audio,0.00
sunnar,com.sunnar.book,business,4.70
synergy g4s,com.synergy.g4sicrm,business,0.00
beer magazine,com.tablish.mgname.beermag,lifestyle,0.00
make photos with sung ji-yeon (momoland),com.take.selfi.makephotoswithsungjiyeonmomoland,photography,0.00
alteryx inspire europe 2016,com.tapcrowd.eventexchange5336,business,0.00
tasteocracy taste testers,com.tasteocracy.app,food & drink,3.30
taxsee driver,com.taxsee.driver,maps & navigation,4.40
yaml,com.technation.yaml,communication,0.00
how to know sim owner details & sim card details,com.technoriseit.simownerdetails.simownername.simcard,communication,0.00
pos nib - notion insurance broker,com.technovani.notioninsurancebroker,finance,0.00
zebra print wallpapers: hd images free download,com.techzit.zebraprintwallpapers,personalization,0.00
cargo ship manual crane 2,com.tg.cargoshipmanual2crane,simulation,3.90
coroebus,com.tgc.coroebus,productivity,3.80
gridchats,com.thegridnet.conference,communication,0.00
trevor sorbie,com.thegroomingcompany.tsorbie,beauty,0.00
ice connect,com.theice.marketdata,finance,4.00
the old farm shed,com.theoldfarmshed,shopping,0.00
fill ya grid,com.thequietisle.fillyagrid,puzzle,0.00
the weather live forecast channel : radar maps,com.theweather.today.word,weather,4.20
warrior of war,com.thisgameiscreatedalonebyme.warrior_of_war,action,4.00
vfl1910,com.tickaroo.enterprise.android7752093899737824318.vflwathlingen,sports,0.00
all in one shopping app,com.tkapplications.allinoneshoppingapp,tools,5.00
baby instrument sounds 2,com.toddlerama.instruments2,music,0.00
easy mixed martial arts tutorial,com.toptutorial.mixedmartialarts,books & reference,0.00
ignite,com.torch.ignite,events,5.00
promotor,com.touchesbegan.promotor,productivity,0.00
kinetica healthscan,com.touchwork.kineticahealthscan,business,0.00
ibiza airport guide - flight information ibz,com.trackingtopia.ibizaairportguide,travel & local,0.00
tracplus,com.tracplus.u1mobile,maps & navigation,0.00
coachman training systems,com.trainerize.coachmantrainingsystems,health & fitness,0.00
drew gatherer pt,com.trainerize.drewgathererpt,health & fitness,0.00
trelleborg load calculator,com.trelleborg.tlc,tools,3.60
gc shopper show,com.trevisan.gcshoppershow,productivity,0.00
let's fact? let's go!,com.trivieroninja.factu,trivia,5.00
home theater remote pro,com.trueberry.hometheatre,tools,2.60
true elements: healthy breakfast & snacks app,com.trueelements.india,food & drink,4.80
true status,com.truestatus,art & design,0.00
active kids - kinder/preschooler app,com.ttb.kinderactive,education,0.00
tum,com.tum.tumapp,maps & navigation,4.90
radios do rio grande do sul (am/fm),com.tuneradios.riograndedosul,music & audio,4.40
task master,com.tweedtechservices.tmapp,lifestyle,0.00
poopy birds,com.twojoesgaming.poopybirds,action,3.80
colour paino tiles,com.udac.coders.pianotile,music,5.00
flashlight,com.ufukbagci.myflashlight,productivity,4.30
history of uganda,com.ugandahistory.historyuganda.kas,books & reference,0.00
epiway,com.ums.upr.delivery,business,0.00
unicorn birthday cake and candles,com.unicornbirthdaycakeandcandlesffapps,entertainment,3.70
love icon pack,com.uniqueundead.love,personalization,4.20
universal unit converter 2021,com.universal.unitconverter2021,tools,0.00
one ghana market,com.untoma1gh.oneghanamarket,shopping,0.00
dhoka shayari,com.urduappz.dhokashayaripoetry,books & reference,4.50
zinda rood - dr. javed iqbal,com.urdubyte.zinda_rood,books & reference,4.70
the brownie strategist,com.ushkalkamob.thebrowniestrategist,strategy,4.10
balls of the tiger,com.valnargames.bota,arcade,0.00
caller name & location tracker phone call,com.vaneappsolution.callernamephonecall,tools,0.00
birds images wallpapers,com.vantoanapps.birdsimageswallpapers,photography,3.80
find the object,com.varravgames.findthedoodle,puzzle,4.00
piano melody,com.veitch.themelodymaster.pmf,education,4.20
foodcyclon restaurant app,com.vendor.foodcyclon,food & drink,0.00
western movies app,com.vestedapps.western.movie,entertainment,3.80
mega ramps car stunts: ultimate races car games,com.vg.speed.car.racing.furious.stunts.games,weather,4.20
platform master!,com.vgm.platformmaster,arcade,4.40
virtual baby simulator -  mother simulator 2020,com.vi.kidsimulator.virtualdad,simulation,4.40
rooman elearn,com.vidyamantra.cmoodleapp224,education,0.00
fancy parivar,com.vision.fancygroup,social,0.00
kamesh welding,com.vizyoner.kamesh,business,0.00
